step,country,latitude,longitude,observed_hosts,activation_step,infected_no_containment,infected_containment
0,United States,37.0902,-95.7129,142,0,4,4
0,China,35.8617,104.1954,29,2,0,0
0,Japan,36.2048,138.2529,18,4,0,0
0,Germany,51.1657,10.4515,9,2,0,0
0,United Kingdom,55.3781,-3.436,8,3,0,0
0,France,46.2276,2.2137,8,4,0,0
0,Canada,56.1304,-106.3468,7,4,0,0
0,Indonesia,-0.7893,113.9213,6,5,0,0
0,Italy,41.8719,12.5674,6,6,0,0
0,Australia,-25.2744,133.7751,6,7,0,0
0,Russian Federation,61.524,105.3188,5,8,0,0
0,Taiwan; Republic of China (ROC),23.6978,120.9605,5,8,0,0
0,Belgium,50.5039,4.4699,5,9,0,0
0,Spain,40.4637,-3.7492,5,10,0,0
0,Korea Republic of,35.9078,127.7669,5,10,0,0
0,India,20.5937,78.9629,4,11,0,0
0,South Africa,-30.5595,22.9375,4,12,0,0
0,Netherlands,52.1326,5.2913,4,13,0,0
0,Venezuela,6.4238,-66.5897,3,14,0,0
0,Egypt,26.8206,30.8025,3,14,0,0
0,Viet Nam,14.0583,108.2772,3,15,0,0
0,Sweden,60.1282,18.6435,3,16,0,0
0,Brazil,-14.235,-51.9253,3,16,0,0
0,Latvia,56.8796,24.6032,2,17,0,0
0,Thailand,15.87,100.9925,2,18,0,0
0,New Zealand,-40.9006,174.886,2,19,0,0
0,Austria,47.5162,14.5501,2,20,0,0
0,Mexico,23.6345,-102.5528,2,20,0,0
0,Colombia,4.5709,-74.2973,2,21,0,0
0,Turkey,38.9637,35.2433,2,22,0,0
0,Norway,60.472,8.4689,1,22,0,0
0,Saudi Arabia,23.8859,45.0792,1,23,0,0
0,Hong Kong,22.3193,114.1694,1,24,0,0
0,Iran (ISLAMIC Republic Of),32.4279,53.688,1,25,0,0
0,Kazakhstan,48.0196,66.9237,1,26,0,0
0,Serbia,44.0165,21.0059,1,26,0,0
0,Israel,31.0461,34.8516,1,27,0,0
0,Denmark,56.2639,9.5018,1,28,0,0
0,Moldova Republic of,47.4116,28.3699,1,28,0,0
0,Greece,39.0742,21.8243,1,28,0,0
0,Dominican Republic,18.7357,-70.1627,1,28,0,0
0,Lithuania,55.1694,23.8813,1,28,0,0
0,Ireland,53.1424,-7.6921,1,28,0,0
0,Chile,-35.6751,-71.543,1,28,0,0
1,United States,37.0902,-95.7129,142,0,9,6
1,China,35.8617,104.1954,29,2,0,0
1,Japan,36.2048,138.2529,18,4,0,0
1,Germany,51.1657,10.4515,9,2,0,0
1,United Kingdom,55.3781,-3.436,8,3,0,0
1,France,46.2276,2.2137,8,4,0,0
1,Canada,56.1304,-106.3468,7,4,0,0
1,Indonesia,-0.7893,113.9213,6,5,0,0
1,Italy,41.8719,12.5674,6,6,0,0
1,Australia,-25.2744,133.7751,6,7,0,0
1,Russian Federation,61.524,105.3188,5,8,0,0
1,Taiwan; Republic of China (ROC),23.6978,120.9605,5,8,0,0
1,Belgium,50.5039,4.4699,5,9,0,0
1,Spain,40.4637,-3.7492,5,10,0,0
1,Korea Republic of,35.9078,127.7669,5,10,0,0
1,India,20.5937,78.9629,4,11,0,0
1,South Africa,-30.5595,22.9375,4,12,0,0
1,Netherlands,52.1326,5.2913,4,13,0,0
1,Venezuela,6.4238,-66.5897,3,14,0,0
1,Egypt,26.8206,30.8025,3,14,0,0
1,Viet Nam,14.0583,108.2772,3,15,0,0
1,Sweden,60.1282,18.6435,3,16,0,0
1,Brazil,-14.235,-51.9253,3,16,0,0
1,Latvia,56.8796,24.6032,2,17,0,0
1,Thailand,15.87,100.9925,2,18,0,0
1,New Zealand,-40.9006,174.886,2,19,0,0
1,Austria,47.5162,14.5501,2,20,0,0
1,Mexico,23.6345,-102.5528,2,20,0,0
1,Colombia,4.5709,-74.2973,2,21,0,0
1,Turkey,38.9637,35.2433,2,22,0,0
1,Norway,60.472,8.4689,1,22,0,0
1,Saudi Arabia,23.8859,45.0792,1,23,0,0
1,Hong Kong,22.3193,114.1694,1,24,0,0
1,Iran (ISLAMIC Republic Of),32.4279,53.688,1,25,0,0
1,Kazakhstan,48.0196,66.9237,1,26,0,0
1,Serbia,44.0165,21.0059,1,26,0,0
1,Israel,31.0461,34.8516,1,27,0,0
1,Denmark,56.2639,9.5018,1,28,0,0
1,Moldova Republic of,47.4116,28.3699,1,28,0,0
1,Greece,39.0742,21.8243,1,28,0,0
1,Dominican Republic,18.7357,-70.1627,1,28,0,0
1,Lithuania,55.1694,23.8813,1,28,0,0
1,Ireland,53.1424,-7.6921,1,28,0,0
1,Chile,-35.6751,-71.543,1,28,0,0
2,United States,37.0902,-95.7129,142,0,20,8
2,China,35.8617,104.1954,29,2,1,1
2,Japan,36.2048,138.2529,18,4,0,0
2,Germany,51.1657,10.4515,9,2,0,0
2,United Kingdom,55.3781,-3.436,8,3,0,0
2,France,46.2276,2.2137,8,4,0,0
2,Canada,56.1304,-106.3468,7,4,0,0
2,Indonesia,-0.7893,113.9213,6,5,0,0
2,Italy,41.8719,12.5674,6,6,0,0
2,Australia,-25.2744,133.7751,6,7,0,0
2,Russian Federation,61.524,105.3188,5,8,0,0
2,Taiwan; Republic of China (ROC),23.6978,120.9605,5,8,0,0
2,Belgium,50.5039,4.4699,5,9,0,0
2,Spain,40.4637,-3.7492,5,10,0,0
2,Korea Republic of,35.9078,127.7669,5,10,0,0
2,India,20.5937,78.9629,4,11,0,0
2,South Africa,-30.5595,22.9375,4,12,0,0
2,Netherlands,52.1326,5.2913,4,13,0,0
2,Venezuela,6.4238,-66.5897,3,14,0,0
2,Egypt,26.8206,30.8025,3,14,0,0
2,Viet Nam,14.0583,108.2772,3,15,0,0
2,Sweden,60.1282,18.6435,3,16,0,0
2,Brazil,-14.235,-51.9253,3,16,0,0
2,Latvia,56.8796,24.6032,2,17,0,0
2,Thailand,15.87,100.9925,2,18,0,0
2,New Zealand,-40.9006,174.886,2,19,0,0
2,Austria,47.5162,14.5501,2,20,0,0
2,Mexico,23.6345,-102.5528,2,20,0,0
2,Colombia,4.5709,-74.2973,2,21,0,0
2,Turkey,38.9637,35.2433,2,22,0,0
2,Norway,60.472,8.4689,1,22,0,0
2,Saudi Arabia,23.8859,45.0792,1,23,0,0
2,Hong Kong,22.3193,114.1694,1,24,0,0
2,Iran (ISLAMIC Republic Of),32.4279,53.688,1,25,0,0
2,Kazakhstan,48.0196,66.9237,1,26,0,0
2,Serbia,44.0165,21.0059,1,26,0,0
2,Israel,31.0461,34.8516,1,27,0,0
2,Denmark,56.2639,9.5018,1,28,0,0
2,Moldova Republic of,47.4116,28.3699,1,28,0,0
2,Greece,39.0742,21.8243,1,28,0,0
2,Dominican Republic,18.7357,-70.1627,1,28,0,0
2,Lithuania,55.1694,23.8813,1,28,0,0
2,Ireland,53.1424,-7.6921,1,28,0,0
2,Chile,-35.6751,-71.543,1,28,0,0
3,United States,37.0902,-95.7129,142,0,38,12
3,China,35.8617,104.1954,29,2,2,1
3,Japan,36.2048,138.2529,18,4,0,0
3,Germany,51.1657,10.4515,9,2,1,0
3,United Kingdom,55.3781,-3.436,8,3,0,0
3,France,46.2276,2.2137,8,4,0,0
3,Canada,56.1304,-106.3468,7,4,0,0
3,Indonesia,-0.7893,113.9213,6,5,0,0
3,Italy,41.8719,12.5674,6,6,0,0
3,Australia,-25.2744,133.7751,6,7,0,0
3,Russian Federation,61.524,105.3188,5,8,0,0
3,Taiwan; Republic of China (ROC),23.6978,120.9605,5,8,0,0
3,Belgium,50.5039,4.4699,5,9,0,0
3,Spain,40.4637,-3.7492,5,10,0,0
3,Korea Republic of,35.9078,127.7669,5,10,0,0
3,India,20.5937,78.9629,4,11,0,0
3,South Africa,-30.5595,22.9375,4,12,0,0
3,Netherlands,52.1326,5.2913,4,13,0,0
3,Venezuela,6.4238,-66.5897,3,14,0,0
3,Egypt,26.8206,30.8025,3,14,0,0
3,Viet Nam,14.0583,108.2772,3,15,0,0
3,Sweden,60.1282,18.6435,3,16,0,0
3,Brazil,-14.235,-51.9253,3,16,0,0
3,Latvia,56.8796,24.6032,2,17,0,0
3,Thailand,15.87,100.9925,2,18,0,0
3,New Zealand,-40.9006,174.886,2,19,0,0
3,Austria,47.5162,14.5501,2,20,0,0
3,Mexico,23.6345,-102.5528,2,20,0,0
3,Colombia,4.5709,-74.2973,2,21,0,0
3,Turkey,38.9637,35.2433,2,22,0,0
3,Norway,60.472,8.4689,1,22,0,0
3,Saudi Arabia,23.8859,45.0792,1,23,0,0
3,Hong Kong,22.3193,114.1694,1,24,0,0
3,Iran (ISLAMIC Republic Of),32.4279,53.688,1,25,0,0
3,Kazakhstan,48.0196,66.9237,1,26,0,0
3,Serbia,44.0165,21.0059,1,26,0,0
3,Israel,31.0461,34.8516,1,27,0,0
3,Denmark,56.2639,9.5018,1,28,0,0
3,Moldova Republic of,47.4116,28.3699,1,28,0,0
3,Greece,39.0742,21.8243,1,28,0,0
3,Dominican Republic,18.7357,-70.1627,1,28,0,0
3,Lithuania,55.1694,23.8813,1,28,0,0
3,Ireland,53.1424,-7.6921,1,28,0,0
3,Chile,-35.6751,-71.543,1,28,0,0
4,United States,37.0902,-95.7129,142,0,65,16
4,China,35.8617,104.1954,29,2,4,2
4,Japan,36.2048,138.2529,18,4,1,0
4,Germany,51.1657,10.4515,9,2,1,0
4,United Kingdom,55.3781,-3.436,8,3,1,0
4,France,46.2276,2.2137,8,4,0,0
4,Canada,56.1304,-106.3468,7,4,0,0
4,Indonesia,-0.7893,113.9213,6,5,0,0
4,Italy,41.8719,12.5674,6,6,0,0
4,Australia,-25.2744,133.7751,6,7,0,0
4,Russian Federation,61.524,105.3188,5,8,0,0
4,Taiwan; Republic of China (ROC),23.6978,120.9605,5,8,0,0
4,Belgium,50.5039,4.4699,5,9,0,0
4,Spain,40.4637,-3.7492,5,10,0,0
4,Korea Republic of,35.9078,127.7669,5,10,0,0
4,India,20.5937,78.9629,4,11,0,0
4,South Africa,-30.5595,22.9375,4,12,0,0
4,Netherlands,52.1326,5.2913,4,13,0,0
4,Venezuela,6.4238,-66.5897,3,14,0,0
4,Egypt,26.8206,30.8025,3,14,0,0
4,Viet Nam,14.0583,108.2772,3,15,0,0
4,Sweden,60.1282,18.6435,3,16,0,0
4,Brazil,-14.235,-51.9253,3,16,0,0
4,Latvia,56.8796,24.6032,2,17,0,0
4,Thailand,15.87,100.9925,2,18,0,0
4,New Zealand,-40.9006,174.886,2,19,0,0
4,Austria,47.5162,14.5501,2,20,0,0
4,Mexico,23.6345,-102.5528,2,20,0,0
4,Colombia,4.5709,-74.2973,2,21,0,0
4,Turkey,38.9637,35.2433,2,22,0,0
4,Norway,60.472,8.4689,1,22,0,0
4,Saudi Arabia,23.8859,45.0792,1,23,0,0
4,Hong Kong,22.3193,114.1694,1,24,0,0
4,Iran (ISLAMIC Republic Of),32.4279,53.688,1,25,0,0
4,Kazakhstan,48.0196,66.9237,1,26,0,0
4,Serbia,44.0165,21.0059,1,26,0,0
4,Israel,31.0461,34.8516,1,27,0,0
4,Denmark,56.2639,9.5018,1,28,0,0
4,Moldova Republic of,47.4116,28.3699,1,28,0,0
4,Greece,39.0742,21.8243,1,28,0,0
4,Dominican Republic,18.7357,-70.1627,1,28,0,0
4,Lithuania,55.1694,23.8813,1,28,0,0
4,Ireland,53.1424,-7.6921,1,28,0,0
4,Chile,-35.6751,-71.543,1,28,0,0
5,United States,37.0902,-95.7129,142,0,94,21
5,China,35.8617,104.1954,29,2,8,2
5,Japan,36.2048,138.2529,18,4,1,1
5,Germany,51.1657,10.4515,9,2,2,1
5,United Kingdom,55.3781,-3.436,8,3,1,0
5,France,46.2276,2.2137,8,4,1,0
5,Canada,56.1304,-106.3468,7,4,0,0
5,Indonesia,-0.7893,113.9213,6,5,0,0
5,Italy,41.8719,12.5674,6,6,0,0
5,Australia,-25.2744,133.7751,6,7,0,0
5,Russian Federation,61.524,105.3188,5,8,0,0
5,Taiwan; Republic of China (ROC),23.6978,120.9605,5,8,0,0
5,Belgium,50.5039,4.4699,5,9,0,0
5,Spain,40.4637,-3.7492,5,10,0,0
5,Korea Republic of,35.9078,127.7669,5,10,0,0
5,India,20.5937,78.9629,4,11,0,0
5,South Africa,-30.5595,22.9375,4,12,0,0
5,Netherlands,52.1326,5.2913,4,13,0,0
5,Venezuela,6.4238,-66.5897,3,14,0,0
5,Egypt,26.8206,30.8025,3,14,0,0
5,Viet Nam,14.0583,108.2772,3,15,0,0
5,Sweden,60.1282,18.6435,3,16,0,0
5,Brazil,-14.235,-51.9253,3,16,0,0
5,Latvia,56.8796,24.6032,2,17,0,0
5,Thailand,15.87,100.9925,2,18,0,0
5,New Zealand,-40.9006,174.886,2,19,0,0
5,Austria,47.5162,14.5501,2,20,0,0
5,Mexico,23.6345,-102.5528,2,20,0,0
5,Colombia,4.5709,-74.2973,2,21,0,0
5,Turkey,38.9637,35.2433,2,22,0,0
5,Norway,60.472,8.4689,1,22,0,0
5,Saudi Arabia,23.8859,45.0792,1,23,0,0
5,Hong Kong,22.3193,114.1694,1,24,0,0
5,Iran (ISLAMIC Republic Of),32.4279,53.688,1,25,0,0
5,Kazakhstan,48.0196,66.9237,1,26,0,0
5,Serbia,44.0165,21.0059,1,26,0,0
5,Israel,31.0461,34.8516,1,27,0,0
5,Denmark,56.2639,9.5018,1,28,0,0
5,Moldova Republic of,47.4116,28.3699,1,28,0,0
5,Greece,39.0742,21.8243,1,28,0,0
5,Dominican Republic,18.7357,-70.1627,1,28,0,0
5,Lithuania,55.1694,23.8813,1,28,0,0
5,Ireland,53.1424,-7.6921,1,28,0,0
5,Chile,-35.6751,-71.543,1,28,0,0
6,United States,37.0902,-95.7129,142,0,116,28
6,China,35.8617,104.1954,29,2,13,3
6,Japan,36.2048,138.2529,18,4,2,1
6,Germany,51.1657,10.4515,9,2,4,1
6,United Kingdom,55.3781,-3.436,8,3,2,1
6,France,46.2276,2.2137,8,4,1,0
6,Canada,56.1304,-106.3468,7,4,1,0
6,Indonesia,-0.7893,113.9213,6,5,0,0
6,Italy,41.8719,12.5674,6,6,0,0
6,Australia,-25.2744,133.7751,6,7,0,0
6,Russian Federation,61.524,105.3188,5,8,0,0
6,Taiwan; Republic of China (ROC),23.6978,120.9605,5,8,0,0
6,Belgium,50.5039,4.4699,5,9,0,0
6,Spain,40.4637,-3.7492,5,10,0,0
6,Korea Republic of,35.9078,127.7669,5,10,0,0
6,India,20.5937,78.9629,4,11,0,0
6,South Africa,-30.5595,22.9375,4,12,0,0
6,Netherlands,52.1326,5.2913,4,13,0,0
6,Venezuela,6.4238,-66.5897,3,14,0,0
6,Egypt,26.8206,30.8025,3,14,0,0
6,Viet Nam,14.0583,108.2772,3,15,0,0
6,Sweden,60.1282,18.6435,3,16,0,0
6,Brazil,-14.235,-51.9253,3,16,0,0
6,Latvia,56.8796,24.6032,2,17,0,0
6,Thailand,15.87,100.9925,2,18,0,0
6,New Zealand,-40.9006,174.886,2,19,0,0
6,Austria,47.5162,14.5501,2,20,0,0
6,Mexico,23.6345,-102.5528,2,20,0,0
6,Colombia,4.5709,-74.2973,2,21,0,0
6,Turkey,38.9637,35.2433,2,22,0,0
6,Norway,60.472,8.4689,1,22,0,0
6,Saudi Arabia,23.8859,45.0792,1,23,0,0
6,Hong Kong,22.3193,114.1694,1,24,0,0
6,Iran (ISLAMIC Republic Of),32.4279,53.688,1,25,0,0
6,Kazakhstan,48.0196,66.9237,1,26,0,0
6,Serbia,44.0165,21.0059,1,26,0,0
6,Israel,31.0461,34.8516,1,27,0,0
6,Denmark,56.2639,9.5018,1,28,0,0
6,Moldova Republic of,47.4116,28.3699,1,28,0,0
6,Greece,39.0742,21.8243,1,28,0,0
6,Dominican Republic,18.7357,-70.1627,1,28,0,0
6,Lithuania,55.1694,23.8813,1,28,0,0
6,Ireland,53.1424,-7.6921,1,28,0,0
6,Chile,-35.6751,-71.543,1,28,0,0
7,United States,37.0902,-95.7129,142,0,129,35
7,China,35.8617,104.1954,29,2,19,4
7,Japan,36.2048,138.2529,18,4,5,1
7,Germany,51.1657,10.4515,9,2,6,1
7,United Kingdom,55.3781,-3.436,8,3,4,1
7,France,46.2276,2.2137,8,4,2,1
7,Canada,56.1304,-106.3468,7,4,2,0
7,Indonesia,-0.7893,113.9213,6,5,1,0
7,Italy,41.8719,12.5674,6,6,0,0
7,Australia,-25.2744,133.7751,6,7,0,0
7,Russian Federation,61.524,105.3188,5,8,0,0
7,Taiwan; Republic of China (ROC),23.6978,120.9605,5,8,0,0
7,Belgium,50.5039,4.4699,5,9,0,0
7,Spain,40.4637,-3.7492,5,10,0,0
7,Korea Republic of,35.9078,127.7669,5,10,0,0
7,India,20.5937,78.9629,4,11,0,0
7,South Africa,-30.5595,22.9375,4,12,0,0
7,Netherlands,52.1326,5.2913,4,13,0,0
7,Venezuela,6.4238,-66.5897,3,14,0,0
7,Egypt,26.8206,30.8025,3,14,0,0
7,Viet Nam,14.0583,108.2772,3,15,0,0
7,Sweden,60.1282,18.6435,3,16,0,0
7,Brazil,-14.235,-51.9253,3,16,0,0
7,Latvia,56.8796,24.6032,2,17,0,0
7,Thailand,15.87,100.9925,2,18,0,0
7,New Zealand,-40.9006,174.886,2,19,0,0
7,Austria,47.5162,14.5501,2,20,0,0
7,Mexico,23.6345,-102.5528,2,20,0,0
7,Colombia,4.5709,-74.2973,2,21,0,0
7,Turkey,38.9637,35.2433,2,22,0,0
7,Norway,60.472,8.4689,1,22,0,0
7,Saudi Arabia,23.8859,45.0792,1,23,0,0
7,Hong Kong,22.3193,114.1694,1,24,0,0
7,Iran (ISLAMIC Republic Of),32.4279,53.688,1,25,0,0
7,Kazakhstan,48.0196,66.9237,1,26,0,0
7,Serbia,44.0165,21.0059,1,26,0,0
7,Israel,31.0461,34.8516,1,27,0,0
7,Denmark,56.2639,9.5018,1,28,0,0
7,Moldova Republic of,47.4116,28.3699,1,28,0,0
7,Greece,39.0742,21.8243,1,28,0,0
7,Dominican Republic,18.7357,-70.1627,1,28,0,0
7,Lithuania,55.1694,23.8813,1,28,0,0
7,Ireland,53.1424,-7.6921,1,28,0,0
7,Chile,-35.6751,-71.543,1,28,0,0
8,United States,37.0902,-95.7129,142,0,136,43
8,China,35.8617,104.1954,29,2,24,5
8,Japan,36.2048,138.2529,18,4,8,2
8,Germany,51.1657,10.4515,9,2,7,1
8,United Kingdom,55.3781,-3.436,8,3,5,1
8,France,46.2276,2.2137,8,4,4,1
8,Canada,56.1304,-106.3468,7,4,3,1
8,Indonesia,-0.7893,113.9213,6,5,2,0
8,Italy,41.8719,12.5674,6,6,1,0
8,Australia,-25.2744,133.7751,6,7,0,0
8,Russian Federation,61.524,105.3188,5,8,0,0
8,Taiwan; Republic of China (ROC),23.6978,120.9605,5,8,0,0
8,Belgium,50.5039,4.4699,5,9,0,0
8,Spain,40.4637,-3.7492,5,10,0,0
8,Korea Republic of,35.9078,127.7669,5,10,0,0
8,India,20.5937,78.9629,4,11,0,0
8,South Africa,-30.5595,22.9375,4,12,0,0
8,Netherlands,52.1326,5.2913,4,13,0,0
8,Venezuela,6.4238,-66.5897,3,14,0,0
8,Egypt,26.8206,30.8025,3,14,0,0
8,Viet Nam,14.0583,108.2772,3,15,0,0
8,Sweden,60.1282,18.6435,3,16,0,0
8,Brazil,-14.235,-51.9253,3,16,0,0
8,Latvia,56.8796,24.6032,2,17,0,0
8,Thailand,15.87,100.9925,2,18,0,0
8,New Zealand,-40.9006,174.886,2,19,0,0
8,Austria,47.5162,14.5501,2,20,0,0
8,Mexico,23.6345,-102.5528,2,20,0,0
8,Colombia,4.5709,-74.2973,2,21,0,0
8,Turkey,38.9637,35.2433,2,22,0,0
8,Norway,60.472,8.4689,1,22,0,0
8,Saudi Arabia,23.8859,45.0792,1,23,0,0
8,Hong Kong,22.3193,114.1694,1,24,0,0
8,Iran (ISLAMIC Republic Of),32.4279,53.688,1,25,0,0
8,Kazakhstan,48.0196,66.9237,1,26,0,0
8,Serbia,44.0165,21.0059,1,26,0,0
8,Israel,31.0461,34.8516,1,27,0,0
8,Denmark,56.2639,9.5018,1,28,0,0
8,Moldova Republic of,47.4116,28.3699,1,28,0,0
8,Greece,39.0742,21.8243,1,28,0,0
8,Dominican Republic,18.7357,-70.1627,1,28,0,0
8,Lithuania,55.1694,23.8813,1,28,0,0
8,Ireland,53.1424,-7.6921,1,28,0,0
8,Chile,-35.6751,-71.543,1,28,0,0
9,United States,37.0902,-95.7129,142,0,139,50
9,China,35.8617,104.1954,29,2,26,7
9,Japan,36.2048,138.2529,18,4,12,2
9,Germany,51.1657,10.4515,9,2,8,2
9,United Kingdom,55.3781,-3.436,8,3,7,1
9,France,46.2276,2.2137,8,4,5,1
9,Canada,56.1304,-106.3468,7,4,5,1
9,Indonesia,-0.7893,113.9213,6,5,3,1
9,Italy,41.8719,12.5674,6,6,2,0
9,Australia,-25.2744,133.7751,6,7,1,0
9,Russian Federation,61.524,105.3188,5,8,0,0
9,Taiwan; Republic of China (ROC),23.6978,120.9605,5,8,0,0
9,Belgium,50.5039,4.4699,5,9,0,0
9,Spain,40.4637,-3.7492,5,10,0,0
9,Korea Republic of,35.9078,127.7669,5,10,0,0
9,India,20.5937,78.9629,4,11,0,0
9,South Africa,-30.5595,22.9375,4,12,0,0
9,Netherlands,52.1326,5.2913,4,13,0,0
9,Venezuela,6.4238,-66.5897,3,14,0,0
9,Egypt,26.8206,30.8025,3,14,0,0
9,Viet Nam,14.0583,108.2772,3,15,0,0
9,Sweden,60.1282,18.6435,3,16,0,0
9,Brazil,-14.235,-51.9253,3,16,0,0
9,Latvia,56.8796,24.6032,2,17,0,0
9,Thailand,15.87,100.9925,2,18,0,0
9,New Zealand,-40.9006,174.886,2,19,0,0
9,Austria,47.5162,14.5501,2,20,0,0
9,Mexico,23.6345,-102.5528,2,20,0,0
9,Colombia,4.5709,-74.2973,2,21,0,0
9,Turkey,38.9637,35.2433,2,22,0,0
9,Norway,60.472,8.4689,1,22,0,0
9,Saudi Arabia,23.8859,45.0792,1,23,0,0
9,Hong Kong,22.3193,114.1694,1,24,0,0
9,Iran (ISLAMIC Republic Of),32.4279,53.688,1,25,0,0
9,Kazakhstan,48.0196,66.9237,1,26,0,0
9,Serbia,44.0165,21.0059,1,26,0,0
9,Israel,31.0461,34.8516,1,27,0,0
9,Denmark,56.2639,9.5018,1,28,0,0
9,Moldova Republic of,47.4116,28.3699,1,28,0,0
9,Greece,39.0742,21.8243,1,28,0,0
9,Dominican Republic,18.7357,-70.1627,1,28,0,0
9,Lithuania,55.1694,23.8813,1,28,0,0
9,Ireland,53.1424,-7.6921,1,28,0,0
9,Chile,-35.6751,-71.543,1,28,0,0
10,United States,37.0902,-95.7129,142,0,141,57
10,China,35.8617,104.1954,29,2,28,8
10,Japan,36.2048,138.2529,18,4,15,3
10,Germany,51.1657,10.4515,9,2,9,2
10,United Kingdom,55.3781,-3.436,8,3,7,2
10,France,46.2276,2.2137,8,4,7,1
10,Canada,56.1304,-106.3468,7,4,6,1
10,Indonesia,-0.7893,113.9213,6,5,4,1
10,Italy,41.8719,12.5674,6,6,3,1
10,Australia,-25.2744,133.7751,6,7,2,0
10,Russian Federation,61.524,105.3188,5,8,1,0
10,Taiwan; Republic of China (ROC),23.6978,120.9605,5,8,1,0
10,Belgium,50.5039,4.4699,5,9,0,0
10,Spain,40.4637,-3.7492,5,10,0,0
10,Korea Republic of,35.9078,127.7669,5,10,0,0
10,India,20.5937,78.9629,4,11,0,0
10,South Africa,-30.5595,22.9375,4,12,0,0
10,Netherlands,52.1326,5.2913,4,13,0,0
10,Venezuela,6.4238,-66.5897,3,14,0,0
10,Egypt,26.8206,30.8025,3,14,0,0
10,Viet Nam,14.0583,108.2772,3,15,0,0
10,Sweden,60.1282,18.6435,3,16,0,0
10,Brazil,-14.235,-51.9253,3,16,0,0
10,Latvia,56.8796,24.6032,2,17,0,0
10,Thailand,15.87,100.9925,2,18,0,0
10,New Zealand,-40.9006,174.886,2,19,0,0
10,Austria,47.5162,14.5501,2,20,0,0
10,Mexico,23.6345,-102.5528,2,20,0,0
10,Colombia,4.5709,-74.2973,2,21,0,0
10,Turkey,38.9637,35.2433,2,22,0,0
10,Norway,60.472,8.4689,1,22,0,0
10,Saudi Arabia,23.8859,45.0792,1,23,0,0
10,Hong Kong,22.3193,114.1694,1,24,0,0
10,Iran (ISLAMIC Republic Of),32.4279,53.688,1,25,0,0
10,Kazakhstan,48.0196,66.9237,1,26,0,0
10,Serbia,44.0165,21.0059,1,26,0,0
10,Israel,31.0461,34.8516,1,27,0,0
10,Denmark,56.2639,9.5018,1,28,0,0
10,Moldova Republic of,47.4116,28.3699,1,28,0,0
10,Greece,39.0742,21.8243,1,28,0,0
10,Dominican Republic,18.7357,-70.1627,1,28,0,0
10,Lithuania,55.1694,23.8813,1,28,0,0
10,Ireland,53.1424,-7.6921,1,28,0,0
10,Chile,-35.6751,-71.543,1,28,0,0
11,United States,37.0902,-95.7129,142,0,141,62
11,China,35.8617,104.1954,29,2,28,10
11,Japan,36.2048,138.2529,18,4,16,4
11,Germany,51.1657,10.4515,9,2,9,3
11,United Kingdom,55.3781,-3.436,8,3,8,2
11,France,46.2276,2.2137,8,4,7,2
11,Canada,56.1304,-106.3468,7,4,6,1
11,Indonesia,-0.7893,113.9213,6,5,5,1
11,Italy,41.8719,12.5674,6,6,4,1
11,Australia,-25.2744,133.7751,6,7,3,1
11,Russian Federation,61.524,105.3188,5,8,1,0
11,Taiwan; Republic of China (ROC),23.6978,120.9605,5,8,1,0
11,Belgium,50.5039,4.4699,5,9,1,0
11,Spain,40.4637,-3.7492,5,10,0,0
11,Korea Republic of,35.9078,127.7669,5,10,0,0
11,India,20.5937,78.9629,4,11,0,0
11,South Africa,-30.5595,22.9375,4,12,0,0
11,Netherlands,52.1326,5.2913,4,13,0,0
11,Venezuela,6.4238,-66.5897,3,14,0,0
11,Egypt,26.8206,30.8025,3,14,0,0
11,Viet Nam,14.0583,108.2772,3,15,0,0
11,Sweden,60.1282,18.6435,3,16,0,0
11,Brazil,-14.235,-51.9253,3,16,0,0
11,Latvia,56.8796,24.6032,2,17,0,0
11,Thailand,15.87,100.9925,2,18,0,0
11,New Zealand,-40.9006,174.886,2,19,0,0
11,Austria,47.5162,14.5501,2,20,0,0
11,Mexico,23.6345,-102.5528,2,20,0,0
11,Colombia,4.5709,-74.2973,2,21,0,0
11,Turkey,38.9637,35.2433,2,22,0,0
11,Norway,60.472,8.4689,1,22,0,0
11,Saudi Arabia,23.8859,45.0792,1,23,0,0
11,Hong Kong,22.3193,114.1694,1,24,0,0
11,Iran (ISLAMIC Republic Of),32.4279,53.688,1,25,0,0
11,Kazakhstan,48.0196,66.9237,1,26,0,0
11,Serbia,44.0165,21.0059,1,26,0,0
11,Israel,31.0461,34.8516,1,27,0,0
11,Denmark,56.2639,9.5018,1,28,0,0
11,Moldova Republic of,47.4116,28.3699,1,28,0,0
11,Greece,39.0742,21.8243,1,28,0,0
11,Dominican Republic,18.7357,-70.1627,1,28,0,0
11,Lithuania,55.1694,23.8813,1,28,0,0
11,Ireland,53.1424,-7.6921,1,28,0,0
11,Chile,-35.6751,-71.543,1,28,0,0
12,United States,37.0902,-95.7129,142,0,142,66
12,China,35.8617,104.1954,29,2,29,11
12,Japan,36.2048,138.2529,18,4,17,5
12,Germany,51.1657,10.4515,9,2,9,3
12,United Kingdom,55.3781,-3.436,8,3,8,3
12,France,46.2276,2.2137,8,4,8,2
12,Canada,56.1304,-106.3468,7,4,7,2
12,Indonesia,-0.7893,113.9213,6,5,5,1
12,Italy,41.8719,12.5674,6,6,5,1
12,Australia,-25.2744,133.7751,6,7,4,1
12,Russian Federation,61.524,105.3188,5,8,2,0
12,Taiwan; Republic of China (ROC),23.6978,120.9605,5,8,2,0
12,Belgium,50.5039,4.4699,5,9,1,0
12,Spain,40.4637,-3.7492,5,10,1,0
12,Korea Republic of,35.9078,127.7669,5,10,1,0
12,India,20.5937,78.9629,4,11,0,0
12,South Africa,-30.5595,22.9375,4,12,0,0
12,Netherlands,52.1326,5.2913,4,13,0,0
12,Venezuela,6.4238,-66.5897,3,14,0,0
12,Egypt,26.8206,30.8025,3,14,0,0
12,Viet Nam,14.0583,108.2772,3,15,0,0
12,Sweden,60.1282,18.6435,3,16,0,0
12,Brazil,-14.235,-51.9253,3,16,0,0
12,Latvia,56.8796,24.6032,2,17,0,0
12,Thailand,15.87,100.9925,2,18,0,0
12,New Zealand,-40.9006,174.886,2,19,0,0
12,Austria,47.5162,14.5501,2,20,0,0
12,Mexico,23.6345,-102.5528,2,20,0,0
12,Colombia,4.5709,-74.2973,2,21,0,0
12,Turkey,38.9637,35.2433,2,22,0,0
12,Norway,60.472,8.4689,1,22,0,0
12,Saudi Arabia,23.8859,45.0792,1,23,0,0
12,Hong Kong,22.3193,114.1694,1,24,0,0
12,Iran (ISLAMIC Republic Of),32.4279,53.688,1,25,0,0
12,Kazakhstan,48.0196,66.9237,1,26,0,0
12,Serbia,44.0165,21.0059,1,26,0,0
12,Israel,31.0461,34.8516,1,27,0,0
12,Denmark,56.2639,9.5018,1,28,0,0
12,Moldova Republic of,47.4116,28.3699,1,28,0,0
12,Greece,39.0742,21.8243,1,28,0,0
12,Dominican Republic,18.7357,-70.1627,1,28,0,0
12,Lithuania,55.1694,23.8813,1,28,0,0
12,Ireland,53.1424,-7.6921,1,28,0,0
12,Chile,-35.6751,-71.543,1,28,0,0
13,United States,37.0902,-95.7129,142,0,142,70
13,China,35.8617,104.1954,29,2,29,12
13,Japan,36.2048,138.2529,18,4,18,6
13,Germany,51.1657,10.4515,9,2,9,3
13,United Kingdom,55.3781,-3.436,8,3,8,3
13,France,46.2276,2.2137,8,4,8,3
13,Canada,56.1304,-106.3468,7,4,7,2
13,Indonesia,-0.7893,113.9213,6,5,6,2
13,Italy,41.8719,12.5674,6,6,5,1
13,Australia,-25.2744,133.7751,6,7,5,1
13,Russian Federation,61.524,105.3188,5,8,3,1
13,Taiwan; Republic of China (ROC),23.6978,120.9605,5,8,3,1
13,Belgium,50.5039,4.4699,5,9,2,0
13,Spain,40.4637,-3.7492,5,10,1,0
13,Korea Republic of,35.9078,127.7669,5,10,1,0
13,India,20.5937,78.9629,4,11,1,0
13,South Africa,-30.5595,22.9375,4,12,0,0
13,Netherlands,52.1326,5.2913,4,13,0,0
13,Venezuela,6.4238,-66.5897,3,14,0,0
13,Egypt,26.8206,30.8025,3,14,0,0
13,Viet Nam,14.0583,108.2772,3,15,0,0
13,Sweden,60.1282,18.6435,3,16,0,0
13,Brazil,-14.235,-51.9253,3,16,0,0
13,Latvia,56.8796,24.6032,2,17,0,0
13,Thailand,15.87,100.9925,2,18,0,0
13,New Zealand,-40.9006,174.886,2,19,0,0
13,Austria,47.5162,14.5501,2,20,0,0
13,Mexico,23.6345,-102.5528,2,20,0,0
13,Colombia,4.5709,-74.2973,2,21,0,0
13,Turkey,38.9637,35.2433,2,22,0,0
13,Norway,60.472,8.4689,1,22,0,0
13,Saudi Arabia,23.8859,45.0792,1,23,0,0
13,Hong Kong,22.3193,114.1694,1,24,0,0
13,Iran (ISLAMIC Republic Of),32.4279,53.688,1,25,0,0
13,Kazakhstan,48.0196,66.9237,1,26,0,0
13,Serbia,44.0165,21.0059,1,26,0,0
13,Israel,31.0461,34.8516,1,27,0,0
13,Denmark,56.2639,9.5018,1,28,0,0
13,Moldova Republic of,47.4116,28.3699,1,28,0,0
13,Greece,39.0742,21.8243,1,28,0,0
13,Dominican Republic,18.7357,-70.1627,1,28,0,0
13,Lithuania,55.1694,23.8813,1,28,0,0
13,Ireland,53.1424,-7.6921,1,28,0,0
13,Chile,-35.6751,-71.543,1,28,0,0
14,United States,37.0902,-95.7129,142,0,142,72
14,China,35.8617,104.1954,29,2,29,13
14,Japan,36.2048,138.2529,18,4,18,7
14,Germany,51.1657,10.4515,9,2,9,3
14,United Kingdom,55.3781,-3.436,8,3,8,3
14,France,46.2276,2.2137,8,4,8,3
14,Canada,56.1304,-106.3468,7,4,7,2
14,Indonesia,-0.7893,113.9213,6,5,6,2
14,Italy,41.8719,12.5674,6,6,6,2
14,Australia,-25.2744,133.7751,6,7,5,1
14,Russian Federation,61.524,105.3188,5,8,4,1
14,Taiwan; Republic of China (ROC),23.6978,120.9605,5,8,4,1
14,Belgium,50.5039,4.4699,5,9,3,1
14,Spain,40.4637,-3.7492,5,10,2,0
14,Korea Republic of,35.9078,127.7669,5,10,2,0
14,India,20.5937,78.9629,4,11,1,0
14,South Africa,-30.5595,22.9375,4,12,1,0
14,Netherlands,52.1326,5.2913,4,13,0,0
14,Venezuela,6.4238,-66.5897,3,14,0,0
14,Egypt,26.8206,30.8025,3,14,0,0
14,Viet Nam,14.0583,108.2772,3,15,0,0
14,Sweden,60.1282,18.6435,3,16,0,0
14,Brazil,-14.235,-51.9253,3,16,0,0
14,Latvia,56.8796,24.6032,2,17,0,0
14,Thailand,15.87,100.9925,2,18,0,0
14,New Zealand,-40.9006,174.886,2,19,0,0
14,Austria,47.5162,14.5501,2,20,0,0
14,Mexico,23.6345,-102.5528,2,20,0,0
14,Colombia,4.5709,-74.2973,2,21,0,0
14,Turkey,38.9637,35.2433,2,22,0,0
14,Norway,60.472,8.4689,1,22,0,0
14,Saudi Arabia,23.8859,45.0792,1,23,0,0
14,Hong Kong,22.3193,114.1694,1,24,0,0
14,Iran (ISLAMIC Republic Of),32.4279,53.688,1,25,0,0
14,Kazakhstan,48.0196,66.9237,1,26,0,0
14,Serbia,44.0165,21.0059,1,26,0,0
14,Israel,31.0461,34.8516,1,27,0,0
14,Denmark,56.2639,9.5018,1,28,0,0
14,Moldova Republic of,47.4116,28.3699,1,28,0,0
14,Greece,39.0742,21.8243,1,28,0,0
14,Dominican Republic,18.7357,-70.1627,1,28,0,0
14,Lithuania,55.1694,23.8813,1,28,0,0
14,Ireland,53.1424,-7.6921,1,28,0,0
14,Chile,-35.6751,-71.543,1,28,0,0
15,United States,37.0902,-95.7129,142,0,142,74
15,China,35.8617,104.1954,29,2,29,13
15,Japan,36.2048,138.2529,18,4,18,7
15,Germany,51.1657,10.4515,9,2,9,4
15,United Kingdom,55.3781,-3.436,8,3,8,3
15,France,46.2276,2.2137,8,4,8,3
15,Canada,56.1304,-106.3468,7,4,7,2
15,Indonesia,-0.7893,113.9213,6,5,6,2
15,Italy,41.8719,12.5674,6,6,6,2
15,Australia,-25.2744,133.7751,6,7,6,2
15,Russian Federation,61.524,105.3188,5,8,5,1
15,Taiwan; Republic of China (ROC),23.6978,120.9605,5,8,5,1
15,Belgium,50.5039,4.4699,5,9,4,1
15,Spain,40.4637,-3.7492,5,10,3,1
15,Korea Republic of,35.9078,127.7669,5,10,3,1
15,India,20.5937,78.9629,4,11,2,0
15,South Africa,-30.5595,22.9375,4,12,1,0
15,Netherlands,52.1326,5.2913,4,13,1,0
15,Venezuela,6.4238,-66.5897,3,14,0,0
15,Egypt,26.8206,30.8025,3,14,0,0
15,Viet Nam,14.0583,108.2772,3,15,0,0
15,Sweden,60.1282,18.6435,3,16,0,0
15,Brazil,-14.235,-51.9253,3,16,0,0
15,Latvia,56.8796,24.6032,2,17,0,0
15,Thailand,15.87,100.9925,2,18,0,0
15,New Zealand,-40.9006,174.886,2,19,0,0
15,Austria,47.5162,14.5501,2,20,0,0
15,Mexico,23.6345,-102.5528,2,20,0,0
15,Colombia,4.5709,-74.2973,2,21,0,0
15,Turkey,38.9637,35.2433,2,22,0,0
15,Norway,60.472,8.4689,1,22,0,0
15,Saudi Arabia,23.8859,45.0792,1,23,0,0
15,Hong Kong,22.3193,114.1694,1,24,0,0
15,Iran (ISLAMIC Republic Of),32.4279,53.688,1,25,0,0
15,Kazakhstan,48.0196,66.9237,1,26,0,0
15,Serbia,44.0165,21.0059,1,26,0,0
15,Israel,31.0461,34.8516,1,27,0,0
15,Denmark,56.2639,9.5018,1,28,0,0
15,Moldova Republic of,47.4116,28.3699,1,28,0,0
15,Greece,39.0742,21.8243,1,28,0,0
15,Dominican Republic,18.7357,-70.1627,1,28,0,0
15,Lithuania,55.1694,23.8813,1,28,0,0
15,Ireland,53.1424,-7.6921,1,28,0,0
15,Chile,-35.6751,-71.543,1,28,0,0
16,United States,37.0902,-95.7129,142,0,142,75
16,China,35.8617,104.1954,29,2,29,14
16,Japan,36.2048,138.2529,18,4,18,8
16,Germany,51.1657,10.4515,9,2,9,4
16,United Kingdom,55.3781,-3.436,8,3,8,4
16,France,46.2276,2.2137,8,4,8,3
16,Canada,56.1304,-106.3468,7,4,7,3
16,Indonesia,-0.7893,113.9213,6,5,6,2
16,Italy,41.8719,12.5674,6,6,6,2
16,Australia,-25.2744,133.7751,6,7,6,2
16,Russian Federation,61.524,105.3188,5,8,5,1
16,Taiwan; Republic of China (ROC),23.6978,120.9605,5,8,5,1
16,Belgium,50.5039,4.4699,5,9,5,1
16,Spain,40.4637,-3.7492,5,10,4,1
16,Korea Republic of,35.9078,127.7669,5,10,4,1
16,India,20.5937,78.9629,4,11,3,1
16,South Africa,-30.5595,22.9375,4,12,2,0
16,Netherlands,52.1326,5.2913,4,13,1,0
16,Venezuela,6.4238,-66.5897,3,14,0,0
16,Egypt,26.8206,30.8025,3,14,0,0
16,Viet Nam,14.0583,108.2772,3,15,0,0
16,Sweden,60.1282,18.6435,3,16,0,0
16,Brazil,-14.235,-51.9253,3,16,0,0
16,Latvia,56.8796,24.6032,2,17,0,0
16,Thailand,15.87,100.9925,2,18,0,0
16,New Zealand,-40.9006,174.886,2,19,0,0
16,Austria,47.5162,14.5501,2,20,0,0
16,Mexico,23.6345,-102.5528,2,20,0,0
16,Colombia,4.5709,-74.2973,2,21,0,0
16,Turkey,38.9637,35.2433,2,22,0,0
16,Norway,60.472,8.4689,1,22,0,0
16,Saudi Arabia,23.8859,45.0792,1,23,0,0
16,Hong Kong,22.3193,114.1694,1,24,0,0
16,Iran (ISLAMIC Republic Of),32.4279,53.688,1,25,0,0
16,Kazakhstan,48.0196,66.9237,1,26,0,0
16,Serbia,44.0165,21.0059,1,26,0,0
16,Israel,31.0461,34.8516,1,27,0,0
16,Denmark,56.2639,9.5018,1,28,0,0
16,Moldova Republic of,47.4116,28.3699,1,28,0,0
16,Greece,39.0742,21.8243,1,28,0,0
16,Dominican Republic,18.7357,-70.1627,1,28,0,0
16,Lithuania,55.1694,23.8813,1,28,0,0
16,Ireland,53.1424,-7.6921,1,28,0,0
16,Chile,-35.6751,-71.543,1,28,0,0
17,United States,37.0902,-95.7129,142,0,142,76
17,China,35.8617,104.1954,29,2,29,14
17,Japan,36.2048,138.2529,18,4,18,8
17,Germany,51.1657,10.4515,9,2,9,4
17,United Kingdom,55.3781,-3.436,8,3,8,4
17,France,46.2276,2.2137,8,4,8,4
17,Canada,56.1304,-106.3468,7,4,7,3
17,Indonesia,-0.7893,113.9213,6,5,6,3
17,Italy,41.8719,12.5674,6,6,6,2
17,Australia,-25.2744,133.7751,6,7,6,2
17,Russian Federation,61.524,105.3188,5,8,5,1
17,Taiwan; Republic of China (ROC),23.6978,120.9605,5,8,5,1
17,Belgium,50.5039,4.4699,5,9,5,1
17,Spain,40.4637,-3.7492,5,10,5,1
17,Korea Republic of,35.9078,127.7669,5,10,5,1
17,India,20.5937,78.9629,4,11,3,1
17,South Africa,-30.5595,22.9375,4,12,3,1
17,Netherlands,52.1326,5.2913,4,13,2,0
17,Venezuela,6.4238,-66.5897,3,14,1,0
17,Egypt,26.8206,30.8025,3,14,1,0
17,Viet Nam,14.0583,108.2772,3,15,0,0
17,Sweden,60.1282,18.6435,3,16,0,0
17,Brazil,-14.235,-51.9253,3,16,0,0
17,Latvia,56.8796,24.6032,2,17,0,0
17,Thailand,15.87,100.9925,2,18,0,0
17,New Zealand,-40.9006,174.886,2,19,0,0
17,Austria,47.5162,14.5501,2,20,0,0
17,Mexico,23.6345,-102.5528,2,20,0,0
17,Colombia,4.5709,-74.2973,2,21,0,0
17,Turkey,38.9637,35.2433,2,22,0,0
17,Norway,60.472,8.4689,1,22,0,0
17,Saudi Arabia,23.8859,45.0792,1,23,0,0
17,Hong Kong,22.3193,114.1694,1,24,0,0
17,Iran (ISLAMIC Republic Of),32.4279,53.688,1,25,0,0
17,Kazakhstan,48.0196,66.9237,1,26,0,0
17,Serbia,44.0165,21.0059,1,26,0,0
17,Israel,31.0461,34.8516,1,27,0,0
17,Denmark,56.2639,9.5018,1,28,0,0
17,Moldova Republic of,47.4116,28.3699,1,28,0,0
17,Greece,39.0742,21.8243,1,28,0,0
17,Dominican Republic,18.7357,-70.1627,1,28,0,0
17,Lithuania,55.1694,23.8813,1,28,0,0
17,Ireland,53.1424,-7.6921,1,28,0,0
17,Chile,-35.6751,-71.543,1,28,0,0
18,United States,37.0902,-95.7129,142,0,142,77
18,China,35.8617,104.1954,29,2,29,14
18,Japan,36.2048,138.2529,18,4,18,8
18,Germany,51.1657,10.4515,9,2,9,4
18,United Kingdom,55.3781,-3.436,8,3,8,4
18,France,46.2276,2.2137,8,4,8,4
18,Canada,56.1304,-106.3468,7,4,7,3
18,Indonesia,-0.7893,113.9213,6,5,6,3
18,Italy,41.8719,12.5674,6,6,6,3
18,Australia,-25.2744,133.7751,6,7,6,2
18,Russian Federation,61.524,105.3188,5,8,5,1
18,Taiwan; Republic of China (ROC),23.6978,120.9605,5,8,5,1
18,Belgium,50.5039,4.4699,5,9,5,1
18,Spain,40.4637,-3.7492,5,10,5,1
18,Korea Republic of,35.9078,127.7669,5,10,5,1
18,India,20.5937,78.9629,4,11,4,1
18,South Africa,-30.5595,22.9375,4,12,3,1
18,Netherlands,52.1326,5.2913,4,13,3,1
18,Venezuela,6.4238,-66.5897,3,14,1,0
18,Egypt,26.8206,30.8025,3,14,1,0
18,Viet Nam,14.0583,108.2772,3,15,1,0
18,Sweden,60.1282,18.6435,3,16,0,0
18,Brazil,-14.235,-51.9253,3,16,0,0
18,Latvia,56.8796,24.6032,2,17,0,0
18,Thailand,15.87,100.9925,2,18,0,0
18,New Zealand,-40.9006,174.886,2,19,0,0
18,Austria,47.5162,14.5501,2,20,0,0
18,Mexico,23.6345,-102.5528,2,20,0,0
18,Colombia,4.5709,-74.2973,2,21,0,0
18,Turkey,38.9637,35.2433,2,22,0,0
18,Norway,60.472,8.4689,1,22,0,0
18,Saudi Arabia,23.8859,45.0792,1,23,0,0
18,Hong Kong,22.3193,114.1694,1,24,0,0
18,Iran (ISLAMIC Republic Of),32.4279,53.688,1,25,0,0
18,Kazakhstan,48.0196,66.9237,1,26,0,0
18,Serbia,44.0165,21.0059,1,26,0,0
18,Israel,31.0461,34.8516,1,27,0,0
18,Denmark,56.2639,9.5018,1,28,0,0
18,Moldova Republic of,47.4116,28.3699,1,28,0,0
18,Greece,39.0742,21.8243,1,28,0,0
18,Dominican Republic,18.7357,-70.1627,1,28,0,0
18,Lithuania,55.1694,23.8813,1,28,0,0
18,Ireland,53.1424,-7.6921,1,28,0,0
18,Chile,-35.6751,-71.543,1,28,0,0
19,United States,37.0902,-95.7129,142,0,142,77
19,China,35.8617,104.1954,29,2,29,15
19,Japan,36.2048,138.2529,18,4,18,9
19,Germany,51.1657,10.4515,9,2,9,4
19,United Kingdom,55.3781,-3.436,8,3,8,4
19,France,46.2276,2.2137,8,4,8,4
19,Canada,56.1304,-106.3468,7,4,7,3
19,Indonesia,-0.7893,113.9213,6,5,6,3
19,Italy,41.8719,12.5674,6,6,6,3
19,Australia,-25.2744,133.7751,6,7,6,3
19,Russian Federation,61.524,105.3188,5,8,5,2
19,Taiwan; Republic of China (ROC),23.6978,120.9605,5,8,5,2
19,Belgium,50.5039,4.4699,5,9,5,1
19,Spain,40.4637,-3.7492,5,10,5,1
19,Korea Republic of,35.9078,127.7669,5,10,5,1
19,India,20.5937,78.9629,4,11,4,1
19,South Africa,-30.5595,22.9375,4,12,4,1
19,Netherlands,52.1326,5.2913,4,13,3,1
19,Venezuela,6.4238,-66.5897,3,14,2,0
19,Egypt,26.8206,30.8025,3,14,2,0
19,Viet Nam,14.0583,108.2772,3,15,1,0
19,Sweden,60.1282,18.6435,3,16,1,0
19,Brazil,-14.235,-51.9253,3,16,1,0
19,Latvia,56.8796,24.6032,2,17,0,0
19,Thailand,15.87,100.9925,2,18,0,0
19,New Zealand,-40.9006,174.886,2,19,0,0
19,Austria,47.5162,14.5501,2,20,0,0
19,Mexico,23.6345,-102.5528,2,20,0,0
19,Colombia,4.5709,-74.2973,2,21,0,0
19,Turkey,38.9637,35.2433,2,22,0,0
19,Norway,60.472,8.4689,1,22,0,0
19,Saudi Arabia,23.8859,45.0792,1,23,0,0
19,Hong Kong,22.3193,114.1694,1,24,0,0
19,Iran (ISLAMIC Republic Of),32.4279,53.688,1,25,0,0
19,Kazakhstan,48.0196,66.9237,1,26,0,0
19,Serbia,44.0165,21.0059,1,26,0,0
19,Israel,31.0461,34.8516,1,27,0,0
19,Denmark,56.2639,9.5018,1,28,0,0
19,Moldova Republic of,47.4116,28.3699,1,28,0,0
19,Greece,39.0742,21.8243,1,28,0,0
19,Dominican Republic,18.7357,-70.1627,1,28,0,0
19,Lithuania,55.1694,23.8813,1,28,0,0
19,Ireland,53.1424,-7.6921,1,28,0,0
19,Chile,-35.6751,-71.543,1,28,0,0
20,United States,37.0902,-95.7129,142,0,142,77
20,China,35.8617,104.1954,29,2,29,15
20,Japan,36.2048,138.2529,18,4,18,9
20,Germany,51.1657,10.4515,9,2,9,4
20,United Kingdom,55.3781,-3.436,8,3,8,4
20,France,46.2276,2.2137,8,4,8,4
20,Canada,56.1304,-106.3468,7,4,7,3
20,Indonesia,-0.7893,113.9213,6,5,6,3
20,Italy,41.8719,12.5674,6,6,6,3
20,Australia,-25.2744,133.7751,6,7,6,3
20,Russian Federation,61.524,105.3188,5,8,5,2
20,Taiwan; Republic of China (ROC),23.6978,120.9605,5,8,5,2
20,Belgium,50.5039,4.4699,5,9,5,2
20,Spain,40.4637,-3.7492,5,10,5,1
20,Korea Republic of,35.9078,127.7669,5,10,5,1
20,India,20.5937,78.9629,4,11,4,1
20,South Africa,-30.5595,22.9375,4,12,4,1
20,Netherlands,52.1326,5.2913,4,13,4,1
20,Venezuela,6.4238,-66.5897,3,14,2,0
20,Egypt,26.8206,30.8025,3,14,2,0
20,Viet Nam,14.0583,108.2772,3,15,2,0
20,Sweden,60.1282,18.6435,3,16,1,0
20,Brazil,-14.235,-51.9253,3,16,1,0
20,Latvia,56.8796,24.6032,2,17,1,0
20,Thailand,15.87,100.9925,2,18,0,0
20,New Zealand,-40.9006,174.886,2,19,0,0
20,Austria,47.5162,14.5501,2,20,0,0
20,Mexico,23.6345,-102.5528,2,20,0,0
20,Colombia,4.5709,-74.2973,2,21,0,0
20,Turkey,38.9637,35.2433,2,22,0,0
20,Norway,60.472,8.4689,1,22,0,0
20,Saudi Arabia,23.8859,45.0792,1,23,0,0
20,Hong Kong,22.3193,114.1694,1,24,0,0
20,Iran (ISLAMIC Republic Of),32.4279,53.688,1,25,0,0
20,Kazakhstan,48.0196,66.9237,1,26,0,0
20,Serbia,44.0165,21.0059,1,26,0,0
20,Israel,31.0461,34.8516,1,27,0,0
20,Denmark,56.2639,9.5018,1,28,0,0
20,Moldova Republic of,47.4116,28.3699,1,28,0,0
20,Greece,39.0742,21.8243,1,28,0,0
20,Dominican Republic,18.7357,-70.1627,1,28,0,0
20,Lithuania,55.1694,23.8813,1,28,0,0
20,Ireland,53.1424,-7.6921,1,28,0,0
20,Chile,-35.6751,-71.543,1,28,0,0
21,United States,37.0902,-95.7129,142,0,142,78
21,China,35.8617,104.1954,29,2,29,15
21,Japan,36.2048,138.2529,18,4,18,9
21,Germany,51.1657,10.4515,9,2,9,4
21,United Kingdom,55.3781,-3.436,8,3,8,4
21,France,46.2276,2.2137,8,4,8,4
21,Canada,56.1304,-106.3468,7,4,7,3
21,Indonesia,-0.7893,113.9213,6,5,6,3
21,Italy,41.8719,12.5674,6,6,6,3
21,Australia,-25.2744,133.7751,6,7,6,3
21,Russian Federation,61.524,105.3188,5,8,5,2
21,Taiwan; Republic of China (ROC),23.6978,120.9605,5,8,5,2
21,Belgium,50.5039,4.4699,5,9,5,2
21,Spain,40.4637,-3.7492,5,10,5,2
21,Korea Republic of,35.9078,127.7669,5,10,5,2
21,India,20.5937,78.9629,4,11,4,1
21,South Africa,-30.5595,22.9375,4,12,4,1
21,Netherlands,52.1326,5.2913,4,13,4,1
21,Venezuela,6.4238,-66.5897,3,14,3,0
21,Egypt,26.8206,30.8025,3,14,3,0
21,Viet Nam,14.0583,108.2772,3,15,2,0
21,Sweden,60.1282,18.6435,3,16,2,0
21,Brazil,-14.235,-51.9253,3,16,2,0
21,Latvia,56.8796,24.6032,2,17,1,0
21,Thailand,15.87,100.9925,2,18,1,0
21,New Zealand,-40.9006,174.886,2,19,0,0
21,Austria,47.5162,14.5501,2,20,0,0
21,Mexico,23.6345,-102.5528,2,20,0,0
21,Colombia,4.5709,-74.2973,2,21,0,0
21,Turkey,38.9637,35.2433,2,22,0,0
21,Norway,60.472,8.4689,1,22,0,0
21,Saudi Arabia,23.8859,45.0792,1,23,0,0
21,Hong Kong,22.3193,114.1694,1,24,0,0
21,Iran (ISLAMIC Republic Of),32.4279,53.688,1,25,0,0
21,Kazakhstan,48.0196,66.9237,1,26,0,0
21,Serbia,44.0165,21.0059,1,26,0,0
21,Israel,31.0461,34.8516,1,27,0,0
21,Denmark,56.2639,9.5018,1,28,0,0
21,Moldova Republic of,47.4116,28.3699,1,28,0,0
21,Greece,39.0742,21.8243,1,28,0,0
21,Dominican Republic,18.7357,-70.1627,1,28,0,0
21,Lithuania,55.1694,23.8813,1,28,0,0
21,Ireland,53.1424,-7.6921,1,28,0,0
21,Chile,-35.6751,-71.543,1,28,0,0
22,United States,37.0902,-95.7129,142,0,142,78
22,China,35.8617,104.1954,29,2,29,15
22,Japan,36.2048,138.2529,18,4,18,9
22,Germany,51.1657,10.4515,9,2,9,4
22,United Kingdom,55.3781,-3.436,8,3,8,4
22,France,46.2276,2.2137,8,4,8,4
22,Canada,56.1304,-106.3468,7,4,7,3
22,Indonesia,-0.7893,113.9213,6,5,6,3
22,Italy,41.8719,12.5674,6,6,6,3
22,Australia,-25.2744,133.7751,6,7,6,3
22,Russian Federation,61.524,105.3188,5,8,5,2
22,Taiwan; Republic of China (ROC),23.6978,120.9605,5,8,5,2
22,Belgium,50.5039,4.4699,5,9,5,2
22,Spain,40.4637,-3.7492,5,10,5,2
22,Korea Republic of,35.9078,127.7669,5,10,5,2
22,India,20.5937,78.9629,4,11,4,2
22,South Africa,-30.5595,22.9375,4,12,4,1
22,Netherlands,52.1326,5.2913,4,13,4,1
22,Venezuela,6.4238,-66.5897,3,14,3,1
22,Egypt,26.8206,30.8025,3,14,3,1
22,Viet Nam,14.0583,108.2772,3,15,3,0
22,Sweden,60.1282,18.6435,3,16,2,0
22,Brazil,-14.235,-51.9253,3,16,2,0
22,Latvia,56.8796,24.6032,2,17,1,0
22,Thailand,15.87,100.9925,2,18,1,0
22,New Zealand,-40.9006,174.886,2,19,1,0
22,Austria,47.5162,14.5501,2,20,0,0
22,Mexico,23.6345,-102.5528,2,20,0,0
22,Colombia,4.5709,-74.2973,2,21,0,0
22,Turkey,38.9637,35.2433,2,22,0,0
22,Norway,60.472,8.4689,1,22,0,0
22,Saudi Arabia,23.8859,45.0792,1,23,0,0
22,Hong Kong,22.3193,114.1694,1,24,0,0
22,Iran (ISLAMIC Republic Of),32.4279,53.688,1,25,0,0
22,Kazakhstan,48.0196,66.9237,1,26,0,0
22,Serbia,44.0165,21.0059,1,26,0,0
22,Israel,31.0461,34.8516,1,27,0,0
22,Denmark,56.2639,9.5018,1,28,0,0
22,Moldova Republic of,47.4116,28.3699,1,28,0,0
22,Greece,39.0742,21.8243,1,28,0,0
22,Dominican Republic,18.7357,-70.1627,1,28,0,0
22,Lithuania,55.1694,23.8813,1,28,0,0
22,Ireland,53.1424,-7.6921,1,28,0,0
22,Chile,-35.6751,-71.543,1,28,0,0
23,United States,37.0902,-95.7129,142,0,142,78
23,China,35.8617,104.1954,29,2,29,15
23,Japan,36.2048,138.2529,18,4,18,9
23,Germany,51.1657,10.4515,9,2,9,4
23,United Kingdom,55.3781,-3.436,8,3,8,4
23,France,46.2276,2.2137,8,4,8,4
23,Canada,56.1304,-106.3468,7,4,7,3
23,Indonesia,-0.7893,113.9213,6,5,6,3
23,Italy,41.8719,12.5674,6,6,6,3
23,Australia,-25.2744,133.7751,6,7,6,3
23,Russian Federation,61.524,105.3188,5,8,5,2
23,Taiwan; Republic of China (ROC),23.6978,120.9605,5,8,5,2
23,Belgium,50.5039,4.4699,5,9,5,2
23,Spain,40.4637,-3.7492,5,10,5,2
23,Korea Republic of,35.9078,127.7669,5,10,5,2
23,India,20.5937,78.9629,4,11,4,2
23,South Africa,-30.5595,22.9375,4,12,4,2
23,Netherlands,52.1326,5.2913,4,13,4,1
23,Venezuela,6.4238,-66.5897,3,14,3,1
23,Egypt,26.8206,30.8025,3,14,3,1
23,Viet Nam,14.0583,108.2772,3,15,3,1
23,Sweden,60.1282,18.6435,3,16,3,0
23,Brazil,-14.235,-51.9253,3,16,3,0
23,Latvia,56.8796,24.6032,2,17,2,0
23,Thailand,15.87,100.9925,2,18,1,0
23,New Zealand,-40.9006,174.886,2,19,1,0
23,Austria,47.5162,14.5501,2,20,1,0
23,Mexico,23.6345,-102.5528,2,20,1,0
23,Colombia,4.5709,-74.2973,2,21,0,0
23,Turkey,38.9637,35.2433,2,22,0,0
23,Norway,60.472,8.4689,1,22,0,0
23,Saudi Arabia,23.8859,45.0792,1,23,0,0
23,Hong Kong,22.3193,114.1694,1,24,0,0
23,Iran (ISLAMIC Republic Of),32.4279,53.688,1,25,0,0
23,Kazakhstan,48.0196,66.9237,1,26,0,0
23,Serbia,44.0165,21.0059,1,26,0,0
23,Israel,31.0461,34.8516,1,27,0,0
23,Denmark,56.2639,9.5018,1,28,0,0
23,Moldova Republic of,47.4116,28.3699,1,28,0,0
23,Greece,39.0742,21.8243,1,28,0,0
23,Dominican Republic,18.7357,-70.1627,1,28,0,0
23,Lithuania,55.1694,23.8813,1,28,0,0
23,Ireland,53.1424,-7.6921,1,28,0,0
23,Chile,-35.6751,-71.543,1,28,0,0
24,United States,37.0902,-95.7129,142,0,142,78
24,China,35.8617,104.1954,29,2,29,15
24,Japan,36.2048,138.2529,18,4,18,9
24,Germany,51.1657,10.4515,9,2,9,4
24,United Kingdom,55.3781,-3.436,8,3,8,4
24,France,46.2276,2.2137,8,4,8,4
24,Canada,56.1304,-106.3468,7,4,7,3
24,Indonesia,-0.7893,113.9213,6,5,6,3
24,Italy,41.8719,12.5674,6,6,6,3
24,Australia,-25.2744,133.7751,6,7,6,3
24,Russian Federation,61.524,105.3188,5,8,5,2
24,Taiwan; Republic of China (ROC),23.6978,120.9605,5,8,5,2
24,Belgium,50.5039,4.4699,5,9,5,2
24,Spain,40.4637,-3.7492,5,10,5,2
24,Korea Republic of,35.9078,127.7669,5,10,5,2
24,India,20.5937,78.9629,4,11,4,2
24,South Africa,-30.5595,22.9375,4,12,4,2
24,Netherlands,52.1326,5.2913,4,13,4,2
24,Venezuela,6.4238,-66.5897,3,14,3,1
24,Egypt,26.8206,30.8025,3,14,3,1
24,Viet Nam,14.0583,108.2772,3,15,3,1
24,Sweden,60.1282,18.6435,3,16,3,1
24,Brazil,-14.235,-51.9253,3,16,3,1
24,Latvia,56.8796,24.6032,2,17,2,0
24,Thailand,15.87,100.9925,2,18,2,0
24,New Zealand,-40.9006,174.886,2,19,1,0
24,Austria,47.5162,14.5501,2,20,1,0
24,Mexico,23.6345,-102.5528,2,20,1,0
24,Colombia,4.5709,-74.2973,2,21,1,0
24,Turkey,38.9637,35.2433,2,22,0,0
24,Norway,60.472,8.4689,1,22,0,0
24,Saudi Arabia,23.8859,45.0792,1,23,0,0
24,Hong Kong,22.3193,114.1694,1,24,0,0
24,Iran (ISLAMIC Republic Of),32.4279,53.688,1,25,0,0
24,Kazakhstan,48.0196,66.9237,1,26,0,0
24,Serbia,44.0165,21.0059,1,26,0,0
24,Israel,31.0461,34.8516,1,27,0,0
24,Denmark,56.2639,9.5018,1,28,0,0
24,Moldova Republic of,47.4116,28.3699,1,28,0,0
24,Greece,39.0742,21.8243,1,28,0,0
24,Dominican Republic,18.7357,-70.1627,1,28,0,0
24,Lithuania,55.1694,23.8813,1,28,0,0
24,Ireland,53.1424,-7.6921,1,28,0,0
24,Chile,-35.6751,-71.543,1,28,0,0
25,United States,37.0902,-95.7129,142,0,142,78
25,China,35.8617,104.1954,29,2,29,15
25,Japan,36.2048,138.2529,18,4,18,9
25,Germany,51.1657,10.4515,9,2,9,4
25,United Kingdom,55.3781,-3.436,8,3,8,4
25,France,46.2276,2.2137,8,4,8,4
25,Canada,56.1304,-106.3468,7,4,7,3
25,Indonesia,-0.7893,113.9213,6,5,6,3
25,Italy,41.8719,12.5674,6,6,6,3
25,Australia,-25.2744,133.7751,6,7,6,3
25,Russian Federation,61.524,105.3188,5,8,5,2
25,Taiwan; Republic of China (ROC),23.6978,120.9605,5,8,5,2
25,Belgium,50.5039,4.4699,5,9,5,2
25,Spain,40.4637,-3.7492,5,10,5,2
25,Korea Republic of,35.9078,127.7669,5,10,5,2
25,India,20.5937,78.9629,4,11,4,2
25,South Africa,-30.5595,22.9375,4,12,4,2
25,Netherlands,52.1326,5.2913,4,13,4,2
25,Venezuela,6.4238,-66.5897,3,14,3,1
25,Egypt,26.8206,30.8025,3,14,3,1
25,Viet Nam,14.0583,108.2772,3,15,3,1
25,Sweden,60.1282,18.6435,3,16,3,1
25,Brazil,-14.235,-51.9253,3,16,3,1
25,Latvia,56.8796,24.6032,2,17,2,1
25,Thailand,15.87,100.9925,2,18,2,0
25,New Zealand,-40.9006,174.886,2,19,2,0
25,Austria,47.5162,14.5501,2,20,1,0
25,Mexico,23.6345,-102.5528,2,20,1,0
25,Colombia,4.5709,-74.2973,2,21,1,0
25,Turkey,38.9637,35.2433,2,22,1,0
25,Norway,60.472,8.4689,1,22,0,0
25,Saudi Arabia,23.8859,45.0792,1,23,0,0
25,Hong Kong,22.3193,114.1694,1,24,0,0
25,Iran (ISLAMIC Republic Of),32.4279,53.688,1,25,0,0
25,Kazakhstan,48.0196,66.9237,1,26,0,0
25,Serbia,44.0165,21.0059,1,26,0,0
25,Israel,31.0461,34.8516,1,27,0,0
25,Denmark,56.2639,9.5018,1,28,0,0
25,Moldova Republic of,47.4116,28.3699,1,28,0,0
25,Greece,39.0742,21.8243,1,28,0,0
25,Dominican Republic,18.7357,-70.1627,1,28,0,0
25,Lithuania,55.1694,23.8813,1,28,0,0
25,Ireland,53.1424,-7.6921,1,28,0,0
25,Chile,-35.6751,-71.543,1,28,0,0
26,United States,37.0902,-95.7129,142,0,142,78
26,China,35.8617,104.1954,29,2,29,15
26,Japan,36.2048,138.2529,18,4,18,9
26,Germany,51.1657,10.4515,9,2,9,4
26,United Kingdom,55.3781,-3.436,8,3,8,4
26,France,46.2276,2.2137,8,4,8,4
26,Canada,56.1304,-106.3468,7,4,7,3
26,Indonesia,-0.7893,113.9213,6,5,6,3
26,Italy,41.8719,12.5674,6,6,6,3
26,Australia,-25.2744,133.7751,6,7,6,3
26,Russian Federation,61.524,105.3188,5,8,5,2
26,Taiwan; Republic of China (ROC),23.6978,120.9605,5,8,5,2
26,Belgium,50.5039,4.4699,5,9,5,2
26,Spain,40.4637,-3.7492,5,10,5,2
26,Korea Republic of,35.9078,127.7669,5,10,5,2
26,India,20.5937,78.9629,4,11,4,2
26,South Africa,-30.5595,22.9375,4,12,4,2
26,Netherlands,52.1326,5.2913,4,13,4,2
26,Venezuela,6.4238,-66.5897,3,14,3,1
26,Egypt,26.8206,30.8025,3,14,3,1
26,Viet Nam,14.0583,108.2772,3,15,3,1
26,Sweden,60.1282,18.6435,3,16,3,1
26,Brazil,-14.235,-51.9253,3,16,3,1
26,Latvia,56.8796,24.6032,2,17,2,1
26,Thailand,15.87,100.9925,2,18,2,1
26,New Zealand,-40.9006,174.886,2,19,2,0
26,Austria,47.5162,14.5501,2,20,2,0
26,Mexico,23.6345,-102.5528,2,20,2,0
26,Colombia,4.5709,-74.2973,2,21,1,0
26,Turkey,38.9637,35.2433,2,22,1,0
26,Norway,60.472,8.4689,1,22,0,0
26,Saudi Arabia,23.8859,45.0792,1,23,0,0
26,Hong Kong,22.3193,114.1694,1,24,0,0
26,Iran (ISLAMIC Republic Of),32.4279,53.688,1,25,0,0
26,Kazakhstan,48.0196,66.9237,1,26,0,0
26,Serbia,44.0165,21.0059,1,26,0,0
26,Israel,31.0461,34.8516,1,27,0,0
26,Denmark,56.2639,9.5018,1,28,0,0
26,Moldova Republic of,47.4116,28.3699,1,28,0,0
26,Greece,39.0742,21.8243,1,28,0,0
26,Dominican Republic,18.7357,-70.1627,1,28,0,0
26,Lithuania,55.1694,23.8813,1,28,0,0
26,Ireland,53.1424,-7.6921,1,28,0,0
26,Chile,-35.6751,-71.543,1,28,0,0
27,United States,37.0902,-95.7129,142,0,142,78
27,China,35.8617,104.1954,29,2,29,15
27,Japan,36.2048,138.2529,18,4,18,9
27,Germany,51.1657,10.4515,9,2,9,4
27,United Kingdom,55.3781,-3.436,8,3,8,4
27,France,46.2276,2.2137,8,4,8,4
27,Canada,56.1304,-106.3468,7,4,7,3
27,Indonesia,-0.7893,113.9213,6,5,6,3
27,Italy,41.8719,12.5674,6,6,6,3
27,Australia,-25.2744,133.7751,6,7,6,3
27,Russian Federation,61.524,105.3188,5,8,5,2
27,Taiwan; Republic of China (ROC),23.6978,120.9605,5,8,5,2
27,Belgium,50.5039,4.4699,5,9,5,2
27,Spain,40.4637,-3.7492,5,10,5,2
27,Korea Republic of,35.9078,127.7669,5,10,5,2
27,India,20.5937,78.9629,4,11,4,2
27,South Africa,-30.5595,22.9375,4,12,4,2
27,Netherlands,52.1326,5.2913,4,13,4,2
27,Venezuela,6.4238,-66.5897,3,14,3,1
27,Egypt,26.8206,30.8025,3,14,3,1
27,Viet Nam,14.0583,108.2772,3,15,3,1
27,Sweden,60.1282,18.6435,3,16,3,1
27,Brazil,-14.235,-51.9253,3,16,3,1
27,Latvia,56.8796,24.6032,2,17,2,1
27,Thailand,15.87,100.9925,2,18,2,1
27,New Zealand,-40.9006,174.886,2,19,2,1
27,Austria,47.5162,14.5501,2,20,2,0
27,Mexico,23.6345,-102.5528,2,20,2,0
27,Colombia,4.5709,-74.2973,2,21,2,0
27,Turkey,38.9637,35.2433,2,22,1,0
27,Norway,60.472,8.4689,1,22,1,0
27,Saudi Arabia,23.8859,45.0792,1,23,0,0
27,Hong Kong,22.3193,114.1694,1,24,0,0
27,Iran (ISLAMIC Republic Of),32.4279,53.688,1,25,0,0
27,Kazakhstan,48.0196,66.9237,1,26,0,0
27,Serbia,44.0165,21.0059,1,26,0,0
27,Israel,31.0461,34.8516,1,27,0,0
27,Denmark,56.2639,9.5018,1,28,0,0
27,Moldova Republic of,47.4116,28.3699,1,28,0,0
27,Greece,39.0742,21.8243,1,28,0,0
27,Dominican Republic,18.7357,-70.1627,1,28,0,0
27,Lithuania,55.1694,23.8813,1,28,0,0
27,Ireland,53.1424,-7.6921,1,28,0,0
27,Chile,-35.6751,-71.543,1,28,0,0
28,United States,37.0902,-95.7129,142,0,142,78
28,China,35.8617,104.1954,29,2,29,15
28,Japan,36.2048,138.2529,18,4,18,9
28,Germany,51.1657,10.4515,9,2,9,4
28,United Kingdom,55.3781,-3.436,8,3,8,4
28,France,46.2276,2.2137,8,4,8,4
28,Canada,56.1304,-106.3468,7,4,7,3
28,Indonesia,-0.7893,113.9213,6,5,6,3
28,Italy,41.8719,12.5674,6,6,6,3
28,Australia,-25.2744,133.7751,6,7,6,3
28,Russian Federation,61.524,105.3188,5,8,5,2
28,Taiwan; Republic of China (ROC),23.6978,120.9605,5,8,5,2
28,Belgium,50.5039,4.4699,5,9,5,2
28,Spain,40.4637,-3.7492,5,10,5,2
28,Korea Republic of,35.9078,127.7669,5,10,5,2
28,India,20.5937,78.9629,4,11,4,2
28,South Africa,-30.5595,22.9375,4,12,4,2
28,Netherlands,52.1326,5.2913,4,13,4,2
28,Venezuela,6.4238,-66.5897,3,14,3,1
28,Egypt,26.8206,30.8025,3,14,3,1
28,Viet Nam,14.0583,108.2772,3,15,3,1
28,Sweden,60.1282,18.6435,3,16,3,1
28,Brazil,-14.235,-51.9253,3,16,3,1
28,Latvia,56.8796,24.6032,2,17,2,1
28,Thailand,15.87,100.9925,2,18,2,1
28,New Zealand,-40.9006,174.886,2,19,2,1
28,Austria,47.5162,14.5501,2,20,2,1
28,Mexico,23.6345,-102.5528,2,20,2,1
28,Colombia,4.5709,-74.2973,2,21,2,0
28,Turkey,38.9637,35.2433,2,22,2,0
28,Norway,60.472,8.4689,1,22,1,0
28,Saudi Arabia,23.8859,45.0792,1,23,1,0
28,Hong Kong,22.3193,114.1694,1,24,0,0
28,Iran (ISLAMIC Republic Of),32.4279,53.688,1,25,0,0
28,Kazakhstan,48.0196,66.9237,1,26,0,0
28,Serbia,44.0165,21.0059,1,26,0,0
28,Israel,31.0461,34.8516,1,27,0,0
28,Denmark,56.2639,9.5018,1,28,0,0
28,Moldova Republic of,47.4116,28.3699,1,28,0,0
28,Greece,39.0742,21.8243,1,28,0,0
28,Dominican Republic,18.7357,-70.1627,1,28,0,0
28,Lithuania,55.1694,23.8813,1,28,0,0
28,Ireland,53.1424,-7.6921,1,28,0,0
28,Chile,-35.6751,-71.543,1,28,0,0
29,United States,37.0902,-95.7129,142,0,142,78
29,China,35.8617,104.1954,29,2,29,15
29,Japan,36.2048,138.2529,18,4,18,9
29,Germany,51.1657,10.4515,9,2,9,4
29,United Kingdom,55.3781,-3.436,8,3,8,4
29,France,46.2276,2.2137,8,4,8,4
29,Canada,56.1304,-106.3468,7,4,7,3
29,Indonesia,-0.7893,113.9213,6,5,6,3
29,Italy,41.8719,12.5674,6,6,6,3
29,Australia,-25.2744,133.7751,6,7,6,3
29,Russian Federation,61.524,105.3188,5,8,5,2
29,Taiwan; Republic of China (ROC),23.6978,120.9605,5,8,5,2
29,Belgium,50.5039,4.4699,5,9,5,2
29,Spain,40.4637,-3.7492,5,10,5,2
29,Korea Republic of,35.9078,127.7669,5,10,5,2
29,India,20.5937,78.9629,4,11,4,2
29,South Africa,-30.5595,22.9375,4,12,4,2
29,Netherlands,52.1326,5.2913,4,13,4,2
29,Venezuela,6.4238,-66.5897,3,14,3,1
29,Egypt,26.8206,30.8025,3,14,3,1
29,Viet Nam,14.0583,108.2772,3,15,3,1
29,Sweden,60.1282,18.6435,3,16,3,1
29,Brazil,-14.235,-51.9253,3,16,3,1
29,Latvia,56.8796,24.6032,2,17,2,1
29,Thailand,15.87,100.9925,2,18,2,1
29,New Zealand,-40.9006,174.886,2,19,2,1
29,Austria,47.5162,14.5501,2,20,2,1
29,Mexico,23.6345,-102.5528,2,20,2,1
29,Colombia,4.5709,-74.2973,2,21,2,1
29,Turkey,38.9637,35.2433,2,22,2,0
29,Norway,60.472,8.4689,1,22,1,0
29,Saudi Arabia,23.8859,45.0792,1,23,1,0
29,Hong Kong,22.3193,114.1694,1,24,1,0
29,Iran (ISLAMIC Republic Of),32.4279,53.688,1,25,0,0
29,Kazakhstan,48.0196,66.9237,1,26,0,0
29,Serbia,44.0165,21.0059,1,26,0,0
29,Israel,31.0461,34.8516,1,27,0,0
29,Denmark,56.2639,9.5018,1,28,0,0
29,Moldova Republic of,47.4116,28.3699,1,28,0,0
29,Greece,39.0742,21.8243,1,28,0,0
29,Dominican Republic,18.7357,-70.1627,1,28,0,0
29,Lithuania,55.1694,23.8813,1,28,0,0
29,Ireland,53.1424,-7.6921,1,28,0,0
29,Chile,-35.6751,-71.543,1,28,0,0
30,United States,37.0902,-95.7129,142,0,142,78
30,China,35.8617,104.1954,29,2,29,15
30,Japan,36.2048,138.2529,18,4,18,9
30,Germany,51.1657,10.4515,9,2,9,4
30,United Kingdom,55.3781,-3.436,8,3,8,4
30,France,46.2276,2.2137,8,4,8,4
30,Canada,56.1304,-106.3468,7,4,7,3
30,Indonesia,-0.7893,113.9213,6,5,6,3
30,Italy,41.8719,12.5674,6,6,6,3
30,Australia,-25.2744,133.7751,6,7,6,3
30,Russian Federation,61.524,105.3188,5,8,5,2
30,Taiwan; Republic of China (ROC),23.6978,120.9605,5,8,5,2
30,Belgium,50.5039,4.4699,5,9,5,2
30,Spain,40.4637,-3.7492,5,10,5,2
30,Korea Republic of,35.9078,127.7669,5,10,5,2
30,India,20.5937,78.9629,4,11,4,2
30,South Africa,-30.5595,22.9375,4,12,4,2
30,Netherlands,52.1326,5.2913,4,13,4,2
30,Venezuela,6.4238,-66.5897,3,14,3,1
30,Egypt,26.8206,30.8025,3,14,3,1
30,Viet Nam,14.0583,108.2772,3,15,3,1
30,Sweden,60.1282,18.6435,3,16,3,1
30,Brazil,-14.235,-51.9253,3,16,3,1
30,Latvia,56.8796,24.6032,2,17,2,1
30,Thailand,15.87,100.9925,2,18,2,1
30,New Zealand,-40.9006,174.886,2,19,2,1
30,Austria,47.5162,14.5501,2,20,2,1
30,Mexico,23.6345,-102.5528,2,20,2,1
30,Colombia,4.5709,-74.2973,2,21,2,1
30,Turkey,38.9637,35.2433,2,22,2,1
30,Norway,60.472,8.4689,1,22,1,1
30,Saudi Arabia,23.8859,45.0792,1,23,1,0
30,Hong Kong,22.3193,114.1694,1,24,1,0
30,Iran (ISLAMIC Republic Of),32.4279,53.688,1,25,1,0
30,Kazakhstan,48.0196,66.9237,1,26,0,0
30,Serbia,44.0165,21.0059,1,26,0,0
30,Israel,31.0461,34.8516,1,27,0,0
30,Denmark,56.2639,9.5018,1,28,0,0
30,Moldova Republic of,47.4116,28.3699,1,28,0,0
30,Greece,39.0742,21.8243,1,28,0,0
30,Dominican Republic,18.7357,-70.1627,1,28,0,0
30,Lithuania,55.1694,23.8813,1,28,0,0
30,Ireland,53.1424,-7.6921,1,28,0,0
30,Chile,-35.6751,-71.543,1,28,0,0
31,United States,37.0902,-95.7129,142,0,142,78
31,China,35.8617,104.1954,29,2,29,15
31,Japan,36.2048,138.2529,18,4,18,9
31,Germany,51.1657,10.4515,9,2,9,4
31,United Kingdom,55.3781,-3.436,8,3,8,4
31,France,46.2276,2.2137,8,4,8,4
31,Canada,56.1304,-106.3468,7,4,7,3
31,Indonesia,-0.7893,113.9213,6,5,6,3
31,Italy,41.8719,12.5674,6,6,6,3
31,Australia,-25.2744,133.7751,6,7,6,3
31,Russian Federation,61.524,105.3188,5,8,5,2
31,Taiwan; Republic of China (ROC),23.6978,120.9605,5,8,5,2
31,Belgium,50.5039,4.4699,5,9,5,2
31,Spain,40.4637,-3.7492,5,10,5,2
31,Korea Republic of,35.9078,127.7669,5,10,5,2
31,India,20.5937,78.9629,4,11,4,2
31,South Africa,-30.5595,22.9375,4,12,4,2
31,Netherlands,52.1326,5.2913,4,13,4,2
31,Venezuela,6.4238,-66.5897,3,14,3,1
31,Egypt,26.8206,30.8025,3,14,3,1
31,Viet Nam,14.0583,108.2772,3,15,3,1
31,Sweden,60.1282,18.6435,3,16,3,1
31,Brazil,-14.235,-51.9253,3,16,3,1
31,Latvia,56.8796,24.6032,2,17,2,1
31,Thailand,15.87,100.9925,2,18,2,1
31,New Zealand,-40.9006,174.886,2,19,2,1
31,Austria,47.5162,14.5501,2,20,2,1
31,Mexico,23.6345,-102.5528,2,20,2,1
31,Colombia,4.5709,-74.2973,2,21,2,1
31,Turkey,38.9637,35.2433,2,22,2,1
31,Norway,60.472,8.4689,1,22,1,1
31,Saudi Arabia,23.8859,45.0792,1,23,1,1
31,Hong Kong,22.3193,114.1694,1,24,1,0
31,Iran (ISLAMIC Republic Of),32.4279,53.688,1,25,1,0
31,Kazakhstan,48.0196,66.9237,1,26,1,0
31,Serbia,44.0165,21.0059,1,26,1,0
31,Israel,31.0461,34.8516,1,27,0,0
31,Denmark,56.2639,9.5018,1,28,0,0
31,Moldova Republic of,47.4116,28.3699,1,28,0,0
31,Greece,39.0742,21.8243,1,28,0,0
31,Dominican Republic,18.7357,-70.1627,1,28,0,0
31,Lithuania,55.1694,23.8813,1,28,0,0
31,Ireland,53.1424,-7.6921,1,28,0,0
31,Chile,-35.6751,-71.543,1,28,0,0
32,United States,37.0902,-95.7129,142,0,142,78
32,China,35.8617,104.1954,29,2,29,15
32,Japan,36.2048,138.2529,18,4,18,9
32,Germany,51.1657,10.4515,9,2,9,4
32,United Kingdom,55.3781,-3.436,8,3,8,4
32,France,46.2276,2.2137,8,4,8,4
32,Canada,56.1304,-106.3468,7,4,7,3
32,Indonesia,-0.7893,113.9213,6,5,6,3
32,Italy,41.8719,12.5674,6,6,6,3
32,Australia,-25.2744,133.7751,6,7,6,3
32,Russian Federation,61.524,105.3188,5,8,5,2
32,Taiwan; Republic of China (ROC),23.6978,120.9605,5,8,5,2
32,Belgium,50.5039,4.4699,5,9,5,2
32,Spain,40.4637,-3.7492,5,10,5,2
32,Korea Republic of,35.9078,127.7669,5,10,5,2
32,India,20.5937,78.9629,4,11,4,2
32,South Africa,-30.5595,22.9375,4,12,4,2
32,Netherlands,52.1326,5.2913,4,13,4,2
32,Venezuela,6.4238,-66.5897,3,14,3,1
32,Egypt,26.8206,30.8025,3,14,3,1
32,Viet Nam,14.0583,108.2772,3,15,3,1
32,Sweden,60.1282,18.6435,3,16,3,1
32,Brazil,-14.235,-51.9253,3,16,3,1
32,Latvia,56.8796,24.6032,2,17,2,1
32,Thailand,15.87,100.9925,2,18,2,1
32,New Zealand,-40.9006,174.886,2,19,2,1
32,Austria,47.5162,14.5501,2,20,2,1
32,Mexico,23.6345,-102.5528,2,20,2,1
32,Colombia,4.5709,-74.2973,2,21,2,1
32,Turkey,38.9637,35.2433,2,22,2,1
32,Norway,60.472,8.4689,1,22,1,1
32,Saudi Arabia,23.8859,45.0792,1,23,1,1
32,Hong Kong,22.3193,114.1694,1,24,1,1
32,Iran (ISLAMIC Republic Of),32.4279,53.688,1,25,1,0
32,Kazakhstan,48.0196,66.9237,1,26,1,0
32,Serbia,44.0165,21.0059,1,26,1,0
32,Israel,31.0461,34.8516,1,27,1,0
32,Denmark,56.2639,9.5018,1,28,0,0
32,Moldova Republic of,47.4116,28.3699,1,28,0,0
32,Greece,39.0742,21.8243,1,28,0,0
32,Dominican Republic,18.7357,-70.1627,1,28,0,0
32,Lithuania,55.1694,23.8813,1,28,0,0
32,Ireland,53.1424,-7.6921,1,28,0,0
32,Chile,-35.6751,-71.543,1,28,0,0
33,United States,37.0902,-95.7129,142,0,142,78
33,China,35.8617,104.1954,29,2,29,15
33,Japan,36.2048,138.2529,18,4,18,9
33,Germany,51.1657,10.4515,9,2,9,4
33,United Kingdom,55.3781,-3.436,8,3,8,4
33,France,46.2276,2.2137,8,4,8,4
33,Canada,56.1304,-106.3468,7,4,7,3
33,Indonesia,-0.7893,113.9213,6,5,6,3
33,Italy,41.8719,12.5674,6,6,6,3
33,Australia,-25.2744,133.7751,6,7,6,3
33,Russian Federation,61.524,105.3188,5,8,5,2
33,Taiwan; Republic of China (ROC),23.6978,120.9605,5,8,5,2
33,Belgium,50.5039,4.4699,5,9,5,2
33,Spain,40.4637,-3.7492,5,10,5,2
33,Korea Republic of,35.9078,127.7669,5,10,5,2
33,India,20.5937,78.9629,4,11,4,2
33,South Africa,-30.5595,22.9375,4,12,4,2
33,Netherlands,52.1326,5.2913,4,13,4,2
33,Venezuela,6.4238,-66.5897,3,14,3,1
33,Egypt,26.8206,30.8025,3,14,3,1
33,Viet Nam,14.0583,108.2772,3,15,3,1
33,Sweden,60.1282,18.6435,3,16,3,1
33,Brazil,-14.235,-51.9253,3,16,3,1
33,Latvia,56.8796,24.6032,2,17,2,1
33,Thailand,15.87,100.9925,2,18,2,1
33,New Zealand,-40.9006,174.886,2,19,2,1
33,Austria,47.5162,14.5501,2,20,2,1
33,Mexico,23.6345,-102.5528,2,20,2,1
33,Colombia,4.5709,-74.2973,2,21,2,1
33,Turkey,38.9637,35.2433,2,22,2,1
33,Norway,60.472,8.4689,1,22,1,1
33,Saudi Arabia,23.8859,45.0792,1,23,1,1
33,Hong Kong,22.3193,114.1694,1,24,1,1
33,Iran (ISLAMIC Republic Of),32.4279,53.688,1,25,1,1
33,Kazakhstan,48.0196,66.9237,1,26,1,0
33,Serbia,44.0165,21.0059,1,26,1,0
33,Israel,31.0461,34.8516,1,27,1,0
33,Denmark,56.2639,9.5018,1,28,1,0
33,Moldova Republic of,47.4116,28.3699,1,28,1,0
33,Greece,39.0742,21.8243,1,28,1,0
33,Dominican Republic,18.7357,-70.1627,1,28,1,0
33,Lithuania,55.1694,23.8813,1,28,1,0
33,Ireland,53.1424,-7.6921,1,28,1,0
33,Chile,-35.6751,-71.543,1,28,1,0
34,United States,37.0902,-95.7129,142,0,142,78
34,China,35.8617,104.1954,29,2,29,15
34,Japan,36.2048,138.2529,18,4,18,9
34,Germany,51.1657,10.4515,9,2,9,4
34,United Kingdom,55.3781,-3.436,8,3,8,4
34,France,46.2276,2.2137,8,4,8,4
34,Canada,56.1304,-106.3468,7,4,7,3
34,Indonesia,-0.7893,113.9213,6,5,6,3
34,Italy,41.8719,12.5674,6,6,6,3
34,Australia,-25.2744,133.7751,6,7,6,3
34,Russian Federation,61.524,105.3188,5,8,5,2
34,Taiwan; Republic of China (ROC),23.6978,120.9605,5,8,5,2
34,Belgium,50.5039,4.4699,5,9,5,2
34,Spain,40.4637,-3.7492,5,10,5,2
34,Korea Republic of,35.9078,127.7669,5,10,5,2
34,India,20.5937,78.9629,4,11,4,2
34,South Africa,-30.5595,22.9375,4,12,4,2
34,Netherlands,52.1326,5.2913,4,13,4,2
34,Venezuela,6.4238,-66.5897,3,14,3,1
34,Egypt,26.8206,30.8025,3,14,3,1
34,Viet Nam,14.0583,108.2772,3,15,3,1
34,Sweden,60.1282,18.6435,3,16,3,1
34,Brazil,-14.235,-51.9253,3,16,3,1
34,Latvia,56.8796,24.6032,2,17,2,1
34,Thailand,15.87,100.9925,2,18,2,1
34,New Zealand,-40.9006,174.886,2,19,2,1
34,Austria,47.5162,14.5501,2,20,2,1
34,Mexico,23.6345,-102.5528,2,20,2,1
34,Colombia,4.5709,-74.2973,2,21,2,1
34,Turkey,38.9637,35.2433,2,22,2,1
34,Norway,60.472,8.4689,1,22,1,1
34,Saudi Arabia,23.8859,45.0792,1,23,1,1
34,Hong Kong,22.3193,114.1694,1,24,1,1
34,Iran (ISLAMIC Republic Of),32.4279,53.688,1,25,1,1
34,Kazakhstan,48.0196,66.9237,1,26,1,1
34,Serbia,44.0165,21.0059,1,26,1,1
34,Israel,31.0461,34.8516,1,27,1,0
34,Denmark,56.2639,9.5018,1,28,1,0
34,Moldova Republic of,47.4116,28.3699,1,28,1,0
34,Greece,39.0742,21.8243,1,28,1,0
34,Dominican Republic,18.7357,-70.1627,1,28,1,0
34,Lithuania,55.1694,23.8813,1,28,1,0
34,Ireland,53.1424,-7.6921,1,28,1,0
34,Chile,-35.6751,-71.543,1,28,1,0
35,United States,37.0902,-95.7129,142,0,142,78
35,China,35.8617,104.1954,29,2,29,15
35,Japan,36.2048,138.2529,18,4,18,9
35,Germany,51.1657,10.4515,9,2,9,4
35,United Kingdom,55.3781,-3.436,8,3,8,4
35,France,46.2276,2.2137,8,4,8,4
35,Canada,56.1304,-106.3468,7,4,7,3
35,Indonesia,-0.7893,113.9213,6,5,6,3
35,Italy,41.8719,12.5674,6,6,6,3
35,Australia,-25.2744,133.7751,6,7,6,3
35,Russian Federation,61.524,105.3188,5,8,5,2
35,Taiwan; Republic of China (ROC),23.6978,120.9605,5,8,5,2
35,Belgium,50.5039,4.4699,5,9,5,2
35,Spain,40.4637,-3.7492,5,10,5,2
35,Korea Republic of,35.9078,127.7669,5,10,5,2
35,India,20.5937,78.9629,4,11,4,2
35,South Africa,-30.5595,22.9375,4,12,4,2
35,Netherlands,52.1326,5.2913,4,13,4,2
35,Venezuela,6.4238,-66.5897,3,14,3,1
35,Egypt,26.8206,30.8025,3,14,3,1
35,Viet Nam,14.0583,108.2772,3,15,3,1
35,Sweden,60.1282,18.6435,3,16,3,1
35,Brazil,-14.235,-51.9253,3,16,3,1
35,Latvia,56.8796,24.6032,2,17,2,1
35,Thailand,15.87,100.9925,2,18,2,1
35,New Zealand,-40.9006,174.886,2,19,2,1
35,Austria,47.5162,14.5501,2,20,2,1
35,Mexico,23.6345,-102.5528,2,20,2,1
35,Colombia,4.5709,-74.2973,2,21,2,1
35,Turkey,38.9637,35.2433,2,22,2,1
35,Norway,60.472,8.4689,1,22,1,1
35,Saudi Arabia,23.8859,45.0792,1,23,1,1
35,Hong Kong,22.3193,114.1694,1,24,1,1
35,Iran (ISLAMIC Republic Of),32.4279,53.688,1,25,1,1
35,Kazakhstan,48.0196,66.9237,1,26,1,1
35,Serbia,44.0165,21.0059,1,26,1,1
35,Israel,31.0461,34.8516,1,27,1,1
35,Denmark,56.2639,9.5018,1,28,1,0
35,Moldova Republic of,47.4116,28.3699,1,28,1,0
35,Greece,39.0742,21.8243,1,28,1,0
35,Dominican Republic,18.7357,-70.1627,1,28,1,0
35,Lithuania,55.1694,23.8813,1,28,1,0
35,Ireland,53.1424,-7.6921,1,28,1,0
35,Chile,-35.6751,-71.543,1,28,1,0
36,United States,37.0902,-95.7129,142,0,142,78
36,China,35.8617,104.1954,29,2,29,15
36,Japan,36.2048,138.2529,18,4,18,9
36,Germany,51.1657,10.4515,9,2,9,4
36,United Kingdom,55.3781,-3.436,8,3,8,4
36,France,46.2276,2.2137,8,4,8,4
36,Canada,56.1304,-106.3468,7,4,7,3
36,Indonesia,-0.7893,113.9213,6,5,6,3
36,Italy,41.8719,12.5674,6,6,6,3
36,Australia,-25.2744,133.7751,6,7,6,3
36,Russian Federation,61.524,105.3188,5,8,5,2
36,Taiwan; Republic of China (ROC),23.6978,120.9605,5,8,5,2
36,Belgium,50.5039,4.4699,5,9,5,2
36,Spain,40.4637,-3.7492,5,10,5,2
36,Korea Republic of,35.9078,127.7669,5,10,5,2
36,India,20.5937,78.9629,4,11,4,2
36,South Africa,-30.5595,22.9375,4,12,4,2
36,Netherlands,52.1326,5.2913,4,13,4,2
36,Venezuela,6.4238,-66.5897,3,14,3,1
36,Egypt,26.8206,30.8025,3,14,3,1
36,Viet Nam,14.0583,108.2772,3,15,3,1
36,Sweden,60.1282,18.6435,3,16,3,1
36,Brazil,-14.235,-51.9253,3,16,3,1
36,Latvia,56.8796,24.6032,2,17,2,1
36,Thailand,15.87,100.9925,2,18,2,1
36,New Zealand,-40.9006,174.886,2,19,2,1
36,Austria,47.5162,14.5501,2,20,2,1
36,Mexico,23.6345,-102.5528,2,20,2,1
36,Colombia,4.5709,-74.2973,2,21,2,1
36,Turkey,38.9637,35.2433,2,22,2,1
36,Norway,60.472,8.4689,1,22,1,1
36,Saudi Arabia,23.8859,45.0792,1,23,1,1
36,Hong Kong,22.3193,114.1694,1,24,1,1
36,Iran (ISLAMIC Republic Of),32.4279,53.688,1,25,1,1
36,Kazakhstan,48.0196,66.9237,1,26,1,1
36,Serbia,44.0165,21.0059,1,26,1,1
36,Israel,31.0461,34.8516,1,27,1,1
36,Denmark,56.2639,9.5018,1,28,1,1
36,Moldova Republic of,47.4116,28.3699,1,28,1,1
36,Greece,39.0742,21.8243,1,28,1,1
36,Dominican Republic,18.7357,-70.1627,1,28,1,1
36,Lithuania,55.1694,23.8813,1,28,1,1
36,Ireland,53.1424,-7.6921,1,28,1,1
36,Chile,-35.6751,-71.543,1,28,1,1
